contig_10004	79.02	4308
contig_10032	98.00	3000
contig_10106	98.77	3250
contig_10158	89.65	1951
contig_10192	98.74	2305
contig_10209	92.95	3278
contig_10210	99.71	2753
contig_10243	98.31	1181
contig_10253	46.85	3669
contig_10271	99.57	1168
contig_10272	99.05	944
contig_10415	93.76	3699
contig_10442	97.16	1164
contig_10446	99.90	1959
contig_10492	96.90	1096
contig_10503	98.53	2919
contig_10513	99.85	3295
contig_10515	9.53	556
contig_10520	83.40	2277
contig_10521	72.71	3609
contig_10552	99.67	1806
contig_10562	77.48	2731
contig_10571	99.60	14388
contig_10623	99.93	1413
contig_10673	99.47	3383
contig_10690	100.00	1009
contig_10695	98.91	2382
contig_10705	76.07	3239
contig_10733	99.78	1367
contig_1077	95.76	1178
contig_10798	99.34	3778
contig_10825	79.19	3623
contig_10826	31.20	3952
contig_10853	59.00	2190
contig_10884	100.00	3510
contig_10901	98.17	1971
contig_10904	87.85	1720
contig_10924	90.17	1832
contig_10946	71.41	1735
contig_10954	96.39	3384
contig_10973	71.66	2248
contig_1098	92.75	4333
contig_11053	91.25	3725
contig_1107	97.94	4945
contig_1109	96.09	3456
contig_11097	98.95	1710
contig_11101	94.43	1813
contig_11110	84.45	2803
contig_11237	100.00	1894
contig_11257	95.55	2473
contig_11291	94.23	1370
contig_11302	100.00	1254
contig_11360	100.00	6864
contig_11376	72.83	4151
contig_11432	96.08	2981
contig_11438	99.36	1867
contig_11500	99.62	5463
contig_11510	99.80	1985
contig_11594	98.11	4294
contig_11639	99.19	3699
contig_11640	99.91	3338
contig_11657	96.93	1696
contig_11675	99.96	2312
contig_11693	98.87	4947
contig_11772	95.46	2181
contig_11826	98.78	3920
contig_11866	92.69	4389
contig_11882	92.66	2943
contig_11914	100.00	5310
contig_1197	96.04	1972
contig_12087	8.96	1172
contig_12116	100.00	1045
contig_12158	96.60	559
contig_1217	99.74	2730
contig_12189	94.52	2976
contig_12202	95.75	4686
contig_12212	97.89	1136
contig_12245	63.64	2365
contig_1230	28.63	1247
contig_12335	99.76	2087
contig_12362	97.12	2254
contig_12442	99.56	3185
contig_12456	96.32	1141
contig_12481	99.62	1302
contig_12485	97.27	1099
contig_12493	99.72	1078
contig_12564	99.91	3234
contig_12592	98.07	2948
contig_12612	97.26	3544
contig_12640	99.45	2007
contig_12665	64.43	2404
contig_12680	87.45	526
contig_12725	98.42	2095
contig_12771	99.84	3033
contig_12830	59.30	3609
contig_12849	98.63	1091
contig_12967	99.95	2149
contig_12976	90.03	2196
contig_13030	99.76	1274
contig_1304	98.89	2800
contig_13085	99.56	1370
contig_13099	99.89	3505
contig_13157	100.00	1129
contig_13185	76.11	2968
contig_1322	74.54	923
contig_13270	99.78	924
contig_13318	99.68	6785
contig_13335	60.07	1227
contig_13382	98.12	960
contig_13835	96.78	839
contig_13864	100.00	2129
contig_14062	98.38	2586
contig_14100	99.14	1160
contig_14172	100.00	1164
contig_14201	57.50	4485
contig_14237	96.01	2959
contig_14254	93.05	1382
contig_14395	99.58	1188
contig_14408	98.40	937
contig_1443	99.44	2860
contig_14468	100.00	1598
contig_1456	99.95	2179
contig_14677	99.59	1720
contig_14930	100.00	2256
contig_14968	86.68	3183
contig_15001	98.80	1993
contig_15016	96.35	602
contig_15126	97.89	2223
contig_1516	99.98	4827
contig_15339	96.23	3876
contig_15354	81.90	4220
contig_15413	99.68	3800
contig_15428	99.69	1309
contig_15471	99.77	869
contig_15556	96.74	3741
contig_15587	99.60	4802
contig_1559	98.03	2130
contig_1561	95.36	1012
contig_15803	82.06	4058
contig_15815	97.31	8598
contig_15827	98.61	12518
contig_15842	99.62	2885
contig_15853	51.19	672
contig_15889	99.92	5968
contig_15909	97.36	1704
contig_15911	98.92	2408
contig_15942	98.05	2825
contig_1595	99.66	1181
contig_15951	37.39	1305
contig_15952	83.55	1155
contig_16037	94.33	9453
contig_16113	80.68	4859
contig_16166	99.84	1912
contig_16251	84.34	1667
contig_1640	99.28	2797
contig_16421	95.92	2846
contig_1644	25.75	4517
contig_16466	60.85	1221
contig_16486	100.00	2334
contig_16491	99.85	1984
contig_16692	43.23	2341
contig_16742	99.69	2570
contig_16749	99.01	1411
contig_16812	93.73	1164
contig_16829	91.45	1872
contig_1684	96.77	3864
contig_16841	70.63	1076
contig_169	98.97	4569
contig_16915	100.00	3476
contig_16935	99.95	1904
contig_16962	99.01	2721
contig_16998	84.45	1318
contig_17007	100.00	1844
contig_17013	93.14	4720
contig_17098	99.73	2596
contig_17134	99.96	4979
contig_17135	96.71	3342
contig_17141	99.72	2859
contig_17148	98.47	1698
contig_17176	97.63	9013
contig_17236	98.73	3556
contig_17253	95.24	1913
contig_17315	98.38	862
contig_17563	92.04	2122
contig_17589	99.25	1206
contig_17626	59.71	4904
contig_17644	99.61	1522
contig_17655	15.13	1130
contig_17659	100.00	972
contig_17731	100.00	1382
contig_17741	51.28	2262
contig_17745	98.11	3446
contig_17752	95.58	5045
contig_17855	100.00	1785
contig_17880	0.00	2402
contig_17938	99.13	1488
contig_17949	95.72	4325
contig_17957	99.28	1802
contig_17979	97.17	1804
contig_18045	99.35	9390
contig_18052	2.35	49230
contig_18064	99.63	1634
contig_18171	98.89	6023
contig_18439	99.63	6828
contig_18444	96.37	7102
contig_18462	98.79	3559
contig_18569	98.01	7185
contig_18604	100.00	1519
contig_1876	100.00	1020
contig_1878	96.21	3008
contig_1879	99.91	1078
contig_188	63.44	4746
contig_189	100.00	1097
contig_18975	97.32	6315
contig_18979	99.98	4238
contig_19064	52.25	14230
contig_19105	99.78	4166
contig_19117	99.67	3601
contig_19172	91.36	7848
contig_19239	99.69	15332
contig_1926	99.71	1046
contig_19284	47.26	1096
contig_19302	99.94	3368
contig_19309	99.94	7724
contig_1933	96.56	4161
contig_19340	99.75	1616
contig_19435	97.84	1526
contig_19502	98.89	2343
contig_19511	97.57	2876
contig_19582	0.00	1050
contig_19607	100.00	1900
contig_19629	97.84	1525
contig_1975	83.76	1422
contig_19819	93.60	2611
contig_19864	90.47	5349
contig_20059	99.98	4942
contig_2009	70.93	657
contig_20160	99.80	6831
contig_20235	75.16	6525
contig_2029	99.75	1187
contig_20476	99.68	6598
contig_20477	97.65	7188
contig_20494	99.96	2656
contig_20576	99.94	6245
contig_20607	100.00	2221
contig_20783	99.84	4476
contig_20892	99.87	10029
contig_20898	0.39	402494
contig_2093	98.96	2789
contig_21009	2.02	2718
contig_21047	94.80	750
contig_21075	99.48	2858
contig_21095	99.83	1782
contig_21114	97.70	3090
contig_21120	99.13	3106
contig_21185	16.95	5559
contig_21296	99.92	13385
contig_2130	84.64	2722
contig_21320	99.94	4865
contig_21355	98.67	2326
contig_21358	100.00	1022
contig_2141	100.00	1633
contig_21559	99.64	2215
contig_21578	95.34	5214
contig_21604	70.67	3007
contig_21659	99.80	2556
contig_21675	99.96	2534
contig_21710	98.84	9972
contig_21779	96.30	1701
contig_219	52.15	698
contig_21974	97.53	8616
contig_22065	93.11	5359
contig_2208	96.55	9316
contig_2209	28.84	1411
contig_22119	99.85	8034
contig_22209	97.38	3583
contig_22268	89.65	2860
contig_223	97.07	2796
contig_22338	96.00	2002
contig_22345	99.32	6727
contig_22354	99.43	4393
contig_22390	100.00	3105
contig_22400	99.34	4993
contig_22409	97.04	6615
contig_22424	100.00	3133
contig_22472	93.50	969
contig_22526	100.00	2613
contig_22565	97.78	7215
contig_22592	99.92	9125
contig_22598	99.95	4252
contig_22611	91.51	5643
contig_22702	99.59	6647
contig_22703	78.53	8388
contig_22721	3.61	9472
contig_22794	78.94	21668
contig_2283	77.07	4919
contig_22833	99.79	7209
contig_22890	99.93	2677
contig_22999	97.03	2188
contig_23082	100.00	2737
contig_2323	99.91	1133
contig_23247	0.65	2932199
contig_23270	97.66	4409
contig_23309	73.61	4820
contig_23345	99.34	6403
contig_23348	99.62	5814
contig_23408	99.22	3328
contig_23474	99.66	4755
contig_23475	94.81	3586
contig_23483	99.23	4408
contig_23512	99.87	2261
contig_23580	94.47	9873
contig_23582	92.56	4477
contig_23586	99.89	2720
contig_23629	96.57	3176
contig_23729	45.59	7215
contig_2374	64.15	3841
contig_23782	90.83	2060
contig_23852	91.78	4758
contig_23853	91.58	3741
contig_23923	87.91	2473
contig_23931	100.00	920
contig_23947	70.97	4010
contig_23977	39.64	2962
contig_24018	96.88	1602
contig_24097	99.71	5192
contig_24127	87.68	16292
contig_24146	1.21	109019
contig_24151	95.07	15922
contig_24161	86.32	4379
contig_24184	98.73	8099
contig_24222	52.80	6246
contig_24227	96.06	2613
contig_24241	100.00	1957
contig_24364	55.29	8883
contig_24441	53.34	8387
contig_24484	99.85	8403
contig_24526	99.90	3002
contig_24550	70.82	2450
contig_24554	99.35	1388
contig_24558	98.19	10388
contig_24615	99.99	7110
contig_24620	99.49	4881
contig_24649	99.80	2532
contig_24652	84.79	6593
contig_24691	98.20	1113
contig_24742	93.78	3037
contig_24756	99.27	4925
contig_24768	98.95	1709
contig_24784	96.69	6108
contig_24796	99.88	4081
contig_24818	96.09	3657
contig_24823	87.56	9033
contig_24847	97.89	2323
contig_24856	99.82	3882
contig_24874	61.13	4026
contig_24952	93.06	2391
contig_24960	99.76	2461
contig_24970	98.53	4230
contig_24993	99.73	7383
contig_25038	80.33	3066
contig_25042	0.60	1738069
contig_25103	91.53	15412
contig_25111	99.78	2239
contig_25174	98.93	4483
contig_25205	99.97	6036
contig_25217	99.84	2544
contig_25230	99.33	3118
contig_25260	96.49	5380
contig_25270	99.12	6369
contig_25282	97.78	900
contig_25322	99.41	3226
contig_25341	89.23	1607
contig_25356	0.87	291803
contig_25361	98.18	8580
contig_25404	87.81	1460
contig_25414	99.28	5142
contig_25450	98.88	4811
contig_25462	100.00	1796
contig_25525	94.78	3216
contig_25526	98.83	11076
contig_25538	99.57	2588
contig_25563	97.91	11773
contig_25564	99.99	13799
contig_2558	99.83	2876
contig_25599	100.00	2171
contig_25602	97.96	5436
contig_25607	93.25	6772
contig_25608	93.57	13956
contig_25609	98.58	3235
contig_25633	0.18	80577
contig_25653	99.25	4959
contig_25719	89.87	8725
contig_25761	95.76	6951
contig_2578	100.00	3868
contig_2579	99.12	2275
contig_2584	98.67	1801
contig_25840	99.60	4016
contig_25853	99.97	3544
contig_25866	99.60	10755
contig_25994	4.81	12465
contig_26040	99.92	2569
contig_26061	84.07	4638
contig_26081	76.37	2209
contig_26115	92.87	8164
contig_26122	99.83	2956
contig_26137	90.59	4261
contig_26160	97.64	1314
contig_2621	99.55	2430
contig_26317	99.90	2947
contig_26327	99.81	1550
contig_26379	98.61	1435
contig_26513	77.34	4157
contig_26532	94.52	4109
contig_26535	99.69	2282
contig_26536	99.98	4034
contig_26558	94.10	2256
contig_26604	98.12	2501
contig_26637	68.51	3887
contig_26672	96.21	8884
contig_26680	92.57	8318
contig_26689	94.03	3819
contig_26709	92.81	4101
contig_26723	84.28	3854
contig_26735	42.66	3282
contig_26790	98.73	5926
contig_26792	83.70	4557
contig_26802	85.07	8908
contig_26814	95.14	2389
contig_26822	91.96	7697
contig_26848	88.93	2936
contig_2688	100.00	1926
contig_26922	92.76	13470
contig_26924	84.53	7066
contig_2693	99.57	3503
contig_26930	77.70	8369
contig_26951	11.19	18119
contig_26992	84.53	2799
contig_27033	99.64	2522
contig_27042	99.37	3182
contig_2708	100.00	722
contig_27082	0.17	116758
contig_27085	100.00	2662
contig_27131	99.67	7368
contig_27158	85.36	18853
contig_27167	93.90	5751
contig_27240	99.80	4016
contig_27243	97.87	2069
contig_27288	20.51	2530
contig_27290	0.00	2166
contig_27292	6.21	2705
contig_27293	2.19	1962
contig_27294	2.03	3160
contig_27295	93.58	15472
contig_27296	2.80	5474
contig_27322	2.34	328188
contig_27323	0.63	60047
contig_27324	4.93	137780
contig_27365	93.84	3685
contig_27402	0.00	13699
contig_27403	2.47	298078
contig_27404	0.51	16908
contig_27405	0.00	30937
contig_27406	1.81	1181470
contig_27407	0.38	14210
contig_27408	4.21	125858
contig_27409	0.19	62355
contig_27410	0.74	19587
contig_27411	0.00	3699
contig_27412	0.00	9671
contig_27413	0.32	10827
contig_2746	99.57	2093
contig_27462	0.09	54840
contig_27489	83.47	6665
contig_27497	65.38	777
contig_27620	0.24	34145
contig_27684	5.16	1434
contig_27689	1.07	3096
contig_27723	7.09	818
contig_27743	0.52	23237
contig_27744	0.41	306344
contig_27746	0.00	17836
contig_27747	0.81	30453
contig_27748	0.00	39264
contig_27749	0.00	1814
contig_27750	0.00	24337
contig_27775	99.96	2545
contig_27806	58.32	8976
contig_27810	98.77	651
contig_27892	0.50	10665
contig_27893	0.51	46107
contig_27894	0.00	6947
contig_27895	0.25	8657
contig_27896	1.01	9893
contig_27897	0.54	406569
contig_27898	0.58	23806
contig_27899	0.00	10351
contig_27900	0.47	35999
contig_27901	0.40	240992
contig_27902	1.83	435048
contig_27903	0.54	37090
contig_27904	0.73	45477
contig_27905	0.38	38296
contig_27906	2.02	1418047
contig_27907	0.26	28576
contig_27908	0.63	14476
contig_27909	0.99	3538
contig_27910	0.82	3312
contig_27912	1.78	30143
contig_27913	0.50	32525
contig_27914	1.69	42233
contig_27915	0.53	15515
contig_27916	0.20	20450
contig_27917	1.18	6881
contig_27918	0.00	3544
contig_27919	0.00	3845
contig_27920	0.00	23541
contig_27921	0.00	20350
contig_27922	0.36	25701
contig_27923	0.11	95096
contig_27925	0.70	16089
contig_27926	0.00	4102
contig_27927	0.00	13413
contig_27928	0.16	17808
contig_27929	0.83	8663
contig_27930	0.00	3808
contig_27931	0.39	23942
contig_27932	0.00	8666
contig_27933	0.33	30738
contig_27934	0.00	2758
contig_27936	0.26	37327
contig_27971	3.18	227552
contig_27977	17.88	8467
contig_28014	100.00	4310
contig_28017	0.21	44181
contig_28018	0.09	53520
contig_2802	71.05	2083
contig_28040	2.66	21252
contig_28054	0.00	2497
contig_28068	0.00	4298
contig_28091	88.10	7561
contig_28124	90.68	2693
contig_28131	0.72	86865
contig_28133	2.19	456186
contig_28134	2.88	487078
contig_28135	11.09	52838
contig_28136	0.36	97340
contig_28137	0.49	50846
contig_28138	0.27	79739
contig_28139	0.59	43174
contig_28140	1.92	422968
contig_28141	0.92	158864
contig_28142	0.52	173638
contig_28175	3.65	1289
contig_28199	0.62	76779
contig_28200	0.38	264812
contig_28318	98.06	10602
contig_28338	1.19	4554
contig_28339	0.00	924
contig_28340	1.00	12467
contig_28365	0.43	154599
contig_28418	92.10	1367
contig_28446	0.00	6643
contig_28447	0.24	341821
contig_28448	0.00	6698
contig_28463	95.23	4258
contig_28467	4.89	4311
contig_28470	0.60	277341
contig_28504	100.00	3285
contig_28505	0.00	5543
contig_28519	36.41	4557
contig_28528	2.24	1471
contig_28559	0.76	37896
contig_28561	1.14	74724
contig_28578	92.18	3224
contig_28612	92.95	7517
contig_28619	0.00	975
contig_28666	0.04	62181
contig_28704	100.00	1292
contig_28709	87.96	1362
contig_28759	0.00	222
contig_28762	6.36	10815
contig_28782	0.90	69795
contig_28783	1.13	87633
contig_28784	0.21	67635
contig_28785	0.00	5348
contig_28786	0.00	5197
contig_28787	2.01	6480
contig_28788	0.27	108303
contig_28789	0.49	76311
contig_28790	1.23	29126
contig_28791	2.27	11789
contig_28792	1.53	11537
contig_28809	0.00	1822
contig_28810	0.00	3269
contig_28827	0.62	60226
contig_28860	0.00	28013
contig_28861	0.16	14259
contig_28870	1.26	151287
contig_28912	2.51	7403
contig_28929	30.79	786
contig_28933	0.00	6753
contig_28937	7.22	651
contig_28938	0.00	647
contig_28998	2.81	4840
contig_29083	96.66	11578
contig_29097	0.77	251590
contig_29111	0.11	89503
contig_29112	0.25	89878
contig_29128	1.18	199725
contig_29129	0.37	47835
contig_29187	2.22	5369
contig_29195	0.21	34053
contig_29196	0.00	24173
contig_29197	0.09	258715
contig_29198	0.00	2044
contig_29201	0.00	6481
contig_29238	99.95	4298
contig_29247	83.10	6427
contig_29250	99.79	7259
contig_29268	0.57	92878
contig_29275	0.19	63203
contig_29276	0.10	38323
contig_29277	0.19	31221
contig_29278	0.32	31007
contig_29279	0.80	55244
contig_29309	5.63	1723
contig_29325	99.92	1308
contig_29333	0.00	28816
contig_29344	0.05	184102
contig_29345	0.32	169915
contig_2936	99.84	3046
contig_29385	0.00	793
contig_29425	0.70	53692
contig_29428	0.71	66597
contig_29441	97.31	2267
contig_29443	0.00	14191
contig_29444	0.31	14607
contig_29445	0.16	27780
contig_29454	36.76	3651
contig_29472	0.40	343762
contig_29473	0.85	275934
contig_29475	99.86	6263
contig_29498	2.78	15186
contig_29501	0.00	7524
contig_29502	0.33	34494
contig_29505	0.49	31722
contig_29506	1.86	34148
contig_29507	2.07	485649
contig_29508	0.36	36946
contig_29515	0.25	15296
contig_29516	0.56	104310
contig_29528	10.18	1100
contig_29574	96.69	996
contig_2958	97.96	2105
contig_29584	0.65	80331
contig_29590	96.58	4565
contig_29610	1.06	19320
contig_29611	3.75	11449
contig_29612	0.10	126336
contig_29613	0.17	26541
contig_29651	0.00	2931
contig_29659	0.00	4869
contig_29689	89.99	1069
contig_29701	0.09	302625
contig_29702	0.06	163184
contig_29703	0.00	4515
contig_29720	0.18	87487
contig_29727	0.18	81172
contig_29728	0.47	74978
contig_29729	0.23	36215
contig_29730	0.00	20246
contig_29731	0.00	13206
contig_29732	0.04	104726
contig_29733	0.00	82644
contig_29735	0.10	85022
contig_29751	0.15	22655
contig_29769	0.60	27850
contig_29770	0.41	542200
contig_29771	1.14	3689
contig_29772	1.53	41087
contig_29773	1.31	47298
contig_29780	0.38	65617
contig_29781	2.23	6868
contig_29784	2.19	8158
contig_29806	0.00	14540
contig_29815	2.85	2422
contig_29817	0.40	100555
contig_2983	100.00	1274
contig_29837	99.88	1718
contig_29848	0.00	22539
contig_29849	0.17	39131
contig_29850	2.56	2186
contig_29887	7.47	2021
contig_29917	13.26	2322
contig_29918	1.77	4175
contig_29919	0.00	10161
contig_29935	6.08	1941
contig_29936	2.51	8513
contig_29938	10.90	578
contig_29945	0.00	787
contig_29950	4.84	1633
contig_29953	5.41	1681
contig_29955	10.92	3683
contig_30001	63.31	13278
contig_30003	0.29	179625
contig_30007	0.69	34847
contig_30014	99.53	2359
contig_30015	40.87	783
contig_30018	0.00	521
contig_3003	99.61	3870
contig_30037	0.00	30343
contig_30058	0.64	9077
contig_30067	0.11	38965
contig_30073	0.65	544870
contig_30074	0.00	17736
contig_30075	0.86	345022
contig_30114	4.53	10276
contig_30126	1.48	11849
contig_30146	0.11	51628
contig_30169	0.00	3881
contig_30170	2.32	364144
contig_30188	15.98	3948
contig_30200	100.00	12554
contig_30201	0.19	19767
contig_30202	0.22	17599
contig_30204	0.00	3033
contig_30205	0.00	2590
contig_30207	4.14	2902
contig_30209	0.11	149121
contig_30238	0.00	19478
contig_30241	0.00	2638
contig_30242	0.34	34277
contig_30246	0.42	32680
contig_30249	0.30	35129
contig_3025	100.00	1080
contig_30255	1.85	11289
contig_30256	1.61	6383
contig_30268	3.43	9325
contig_30285	0.23	19618
contig_30330	79.41	3584
contig_30336	1.78	113065
contig_30345	0.67	7615
contig_30354	0.91	135680
contig_30373	0.00	951
contig_30374	0.00	620
contig_30383	0.25	87185
contig_30384	0.37	78677
contig_30385	0.00	7257
contig_30386	4.18	49276
contig_30426	19.96	1413
contig_30435	0.00	20656
contig_30455	3.33	4781
contig_30460	0.23	45347
contig_30469	67.16	2899
contig_30491	0.00	8198
contig_30492	0.00	13901
contig_30493	0.00	1926
contig_30494	0.00	1961
contig_30495	0.79	53476
contig_30507	99.56	6375
contig_30511	0.24	144306
contig_30512	0.26	29683
contig_30513	0.71	55542
contig_30526	1.10	14723
contig_30527	0.62	14316
contig_30528	0.88	19740
contig_30529	3.92	18286
contig_30540	0.00	16841
contig_30554	1.80	7929
contig_30593	99.80	3006
contig_30595	0.00	17359
contig_30617	100.00	3207
contig_30623	72.35	4988
contig_30624	0.04	51514
contig_30626	0.49	70239
contig_30627	0.69	8451
contig_30628	0.08	49225
contig_30629	1.21	11136
contig_30630	0.28	12378
contig_30631	0.00	4049
contig_30632	0.00	3129
contig_30633	1.60	4121
contig_30634	0.41	36073
contig_30635	0.00	1851
contig_30636	0.19	59249
contig_30637	0.00	26402
contig_30638	0.00	18064
contig_30639	0.18	28417
contig_30640	0.12	25694
contig_30641	0.00	5523
contig_30642	0.00	2378
contig_30643	0.37	9421
contig_30644	0.64	4397
contig_30645	0.72	15754
contig_30646	2.82	1703
contig_30647	0.27	85526
contig_30648	0.00	4548
contig_30650	0.12	36112
contig_30651	0.00	24967
contig_30652	0.00	6638
contig_30653	1.63	7379
contig_30654	0.18	46020
contig_30655	1.82	40242
contig_30656	0.00	2281
contig_30657	0.00	36546
contig_30658	0.00	35461
contig_30660	0.00	1653
contig_30661	0.16	144781
contig_30662	0.00	38721
contig_30663	0.00	4353
contig_30664	0.00	4354
contig_30665	0.04	94367
contig_30668	1.73	17894
contig_30669	0.00	11133
contig_30670	0.00	11017
contig_30671	1.12	10299
contig_30672	0.00	1848
contig_30673	0.00	5396
contig_30675	1.43	3297
contig_30676	0.00	22952
contig_30677	0.00	43815
contig_30678	0.00	18985
contig_30679	0.35	15257
contig_30680	1.13	10326
contig_30681	0.38	31690
contig_30682	0.00	26090
contig_30683	0.00	30509
contig_30684	0.27	21181
contig_30685	0.00	12793
contig_30686	0.66	13562
contig_30687	1.00	4188
contig_30688	0.36	31294
contig_30689	0.00	5509
contig_30692	0.52	271880
contig_30693	0.13	36778
contig_30694	0.00	33532
contig_30695	0.00	3739
contig_30696	0.00	17343
contig_30697	0.00	28228
contig_30730	0.63	8103
contig_30733	0.45	605029
contig_30734	0.84	13058
contig_30735	0.43	1311900
contig_30736	0.00	10684
contig_30738	0.65	198378
contig_30741	0.09	51786
contig_30743	1.15	26679
contig_30744	1.07	101869
contig_30745	1.00	14063
contig_30746	1.08	14116
contig_30747	0.00	14025
contig_30776	0.29	191882
contig_30777	0.00	19582
contig_30778	0.00	27540
contig_30798	0.11	80294
contig_30837	0.27	44386
contig_30839	0.00	4029
contig_30850	90.30	4114
contig_30861	9.95	5779
contig_30867	0.16	21488
contig_30871	0.74	36923
contig_30872	1.13	40973
contig_30873	0.49	124721
contig_30875	1.29	6764
contig_30876	0.00	5353
contig_30877	0.09	56801
contig_30880	4.91	937
contig_30906	0.00	62334
contig_30908	95.83	575
contig_30920	0.64	72440
contig_30922	99.89	17383
contig_30926	0.63	50947
contig_30927	0.93	71219
contig_30928	0.00	11607
contig_30960	0.32	84175
contig_30961	0.68	184743
contig_30963	0.27	52158
contig_30992	5.82	10956
contig_30996	10.95	7890
contig_310	63.15	1897
contig_31023	0.19	161658
contig_31031	1.29	12661
contig_31032	2.77	13819
contig_31038	0.00	4367
contig_31044	2.09	3596
contig_31057	1.32	7742
contig_31058	0.14	36105
contig_31059	0.61	82808
contig_31064	90.11	4003
contig_31068	63.88	634
contig_31070	86.55	1769
contig_31071	81.00	1358
contig_31074	8.11	1935
contig_31075	27.83	1441
contig_31076	0.00	1287
contig_31077	12.42	636
contig_31081	0.00	2679
contig_31085	0.49	462703
contig_31095	98.99	2576
contig_311	99.14	6055
contig_31107	0.36	81196
contig_31108	0.68	362742
contig_31123	13.33	6742
contig_31124	4.25	13124
contig_31127	0.80	2634
contig_31137	0.64	28673
contig_31145	1.44	25828
contig_31148	0.31	10261
contig_31167	99.13	2425
contig_31179	0.18	27861
contig_31189	99.20	10908
contig_31194	0.36	26231
contig_31199	98.30	4762
contig_31227	0.12	29139
contig_31240	0.00	59445
contig_31290	98.59	5587
contig_31291	87.49	4766
contig_31296	8.72	642
contig_31298	4.75	2461
contig_31299	3.53	2862
contig_31300	6.70	2283
contig_31304	8.21	3214
contig_31326	0.22	70995
contig_31348	0.34	15173
contig_31349	0.66	19682
contig_31350	0.00	26835
contig_31351	2.52	6185
contig_31359	0.09	70130
contig_31365	0.00	5473
contig_31368	0.00	2986
contig_31388	0.21	49655
contig_31416	0.00	2183
contig_31430	1.24	16177
contig_31431	0.72	83623
contig_31432	0.51	27297
contig_31438	1.21	4202
contig_31440	0.53	88117
contig_31443	91.56	17520
contig_31452	100.00	2440
contig_31463	0.00	20686
contig_31464	0.17	137106
contig_31465	0.00	9534
contig_31466	0.00	3494
contig_31467	0.00	26691
contig_31473	65.50	4867
contig_31483	0.00	2589
contig_31488	0.23	99377
contig_31500	1.77	34606
contig_31501	0.00	24866
contig_31502	0.00	99715
contig_31511	1.15	22721
contig_31514	0.00	27361
contig_31515	0.26	47470
contig_31525	52.66	5535
contig_3153	52.76	1124
contig_31532	0.00	2737
contig_31533	0.00	7641
contig_31538	99.94	10194
contig_31539	2.18	64746
contig_31544	0.31	42943
contig_31576	1.48	5757
contig_31577	0.00	6028
contig_31583	93.25	5670
contig_31585	62.66	18486
contig_31589	4.08	4021
contig_31618	99.55	10905
contig_31620	0.94	26804
contig_31630	0.21	57960
contig_31631	1.57	48211
contig_31633	3.22	1491
contig_31667	1.09	38847
contig_31668	0.00	2591
contig_31669	0.00	2652
contig_31687	0.00	6186
contig_31690	99.97	3141
contig_31701	0.54	150850
contig_31702	0.90	8767
contig_31703	0.00	9651
contig_31709	0.48	137769
contig_31718	0.23	31547
contig_31732	0.06	55545
contig_31736	3.89	3158
contig_31744	0.33	29837
contig_31757	0.20	37573
contig_31758	0.58	65223
contig_31767	0.43	63432
contig_31774	0.00	5264
contig_31775	0.12	31234
contig_31780	0.38	44731
contig_31795	0.00	4787
contig_31796	0.83	26677
contig_31804	0.00	41428
contig_31806	1.11	74958
contig_31832	13.18	4422
contig_31835	33.46	3921
contig_31840	0.16	27548
contig_31846	0.12	27390
contig_31858	1.05	24058
contig_31877	0.38	26856
contig_31878	0.00	4580
contig_31879	0.48	9311
contig_31880	0.37	23601
contig_31883	97.13	12272
contig_31890	76.68	4404
contig_31901	0.63	11555
contig_31902	1.21	5129
contig_31903	0.00	6359
contig_31910	1.98	30416
contig_31915	2.92	6308
contig_31919	0.59	34774
contig_31931	0.00	532
contig_31942	0.65	38722
contig_31949	94.53	11068
contig_31959	0.00	2807
contig_31962	31.72	3172
contig_31969	0.79	31339
contig_31972	0.00	30259
contig_31982	0.00	32012
contig_31983	0.88	76154
contig_31984	0.26	26590
contig_31985	3.01	37360
contig_32000	0.00	8679
contig_32001	0.00	39735
contig_32004	0.26	36855
contig_32008	3.32	6998
contig_32012	8.67	5134
contig_32016	99.70	13707
contig_32021	99.88	2562
contig_32024	0.23	53457
contig_32030	93.66	12596
contig_32039	0.34	36506
contig_32051	0.00	39598
contig_32055	0.54	29601
contig_32068	2.42	3639
contig_32074	0.08	53090
contig_32077	0.00	23845
contig_32078	0.13	31163
contig_32081	0.92	18623
contig_32087	0.52	79895
contig_32112	0.46	21166
contig_32120	0.08	58901
contig_32145	1.75	34525
contig_32146	1.30	15542
contig_32147	0.00	2256
contig_32148	0.39	64187
contig_32155	1.72	99446
contig_32156	6.93	9564
contig_32176	0.77	86245
contig_32179	0.29	13231
contig_3218	99.74	5711
contig_32180	0.87	97792
contig_32199	0.16	97522
contig_32214	0.10	72210
contig_32216	0.35	56481
contig_32220	0.00	34758
contig_32221	0.56	68696
contig_32222	0.94	4142
contig_32223	2.01	5134
contig_32225	0.59	7608
contig_32226	0.37	8817
contig_32230	0.39	83858
contig_32231	1.63	16667
contig_32232	0.55	31830
contig_32250	0.59	51209
contig_32255	0.00	49636
contig_32262	1.05	71774
contig_32270	3.02	11310
contig_32295	0.76	101896
contig_32298	1.65	20315
contig_32313	4.89	7580
contig_32316	0.36	24490
contig_32317	1.66	25047
contig_32318	3.30	3578
contig_32331	0.37	39594
contig_32339	0.44	40317
contig_32342	0.00	4023
contig_32343	0.00	3944
contig_32344	0.59	70005
contig_32355	8.39	16981
contig_32357	0.04	62564
contig_32364	0.59	81971
contig_32365	0.12	73112
contig_32370	2.78	3847
contig_32375	0.59	29445
contig_32379	0.17	154753
contig_32383	0.30	73216
contig_32397	0.12	84760
contig_32398	0.22	78277
contig_32416	7.76	5632
contig_32420	0.00	18963
contig_32480	99.96	2301
contig_32513	23.94	2264
contig_32844	98.91	2027
contig_32873	99.92	4972
contig_32899	100.00	2036
contig_32923	98.37	1595
contig_33030	0.43	52950
contig_33197	99.72	2887
contig_33274	19.81	3675
contig_33309	56.87	9173
contig_33375	99.82	1679
contig_33558	99.70	2032
contig_33562	99.50	2599
contig_33564	93.49	11294
contig_33608	99.36	4234
contig_3367	100.00	769
contig_33919	81.14	8993
contig_34044	80.06	8554
contig_34055	26.77	7842
contig_34056	99.08	4225
contig_3422	94.02	4832
contig_34320	84.77	4446
contig_34381	97.52	13496
contig_34384	99.78	2257
contig_34413	99.72	3230
contig_3449	99.82	1095
contig_34544	96.30	8335
contig_34661	98.97	7835
contig_34815	1.80	55349
contig_34994	3.45	2349
contig_34996	4.82	8131
contig_35013	8.53	114445
contig_35014	0.24	10787
contig_35015	0.00	22228
contig_35016	0.00	1660
contig_35017	0.05	60945
contig_35018	0.28	121797
contig_35019	0.74	8807
contig_35075	2.20	13749
contig_35078	0.43	40401
contig_35083	0.24	53373
contig_35109	0.45	79112
contig_35110	0.00	15715
contig_35111	0.84	23294
contig_35112	0.35	16881
contig_35113	1.07	13776
contig_35187	11.36	6217
contig_35208	0.00	16030
contig_35210	77.31	5072
contig_35277	0.45	96109
contig_35322	0.26	35409
contig_35361	99.66	15784
contig_35406	0.00	3694
contig_35446	0.19	344128
contig_35471	0.26	25764
contig_35472	0.05	118244
contig_35473	0.00	25819
contig_35488	0.66	21703
contig_35515	0.06	53165
contig_35547	0.00	12249
contig_35548	0.55	123728
contig_35558	0.43	78821
contig_35612	0.91	9849
contig_35620	0.91	42046
contig_35633	8.31	5438
contig_35634	0.00	3066
contig_35635	0.38	100774
contig_35636	0.00	9696
contig_35637	0.00	9211
contig_35639	0.24	132722
contig_35647	1.02	68557
contig_35651	0.31	28344
contig_35675	0.18	54356
contig_35718	0.58	83644
contig_35720	3.87	7497
contig_35733	0.48	411702
contig_35736	0.66	49659
contig_35769	0.63	12124
contig_35794	1.21	31197
contig_3581	88.25	4178
contig_35811	1.99	7324
contig_35840	0.00	4884
contig_35843	0.00	4507
contig_35845	1.58	2216
contig_35866	2.73	2787
contig_35875	0.97	30370
contig_35877	4.47	7209
contig_35890	0.36	34003
contig_35898	0.00	135592
contig_3590	99.59	970
contig_35939	2.03	8335
contig_35946	2.40	5134
contig_35947	0.17	80134
contig_3603	100.00	867
contig_3896	99.23	1298
contig_3924	99.40	2648
contig_3954	98.91	3303
contig_4119	100.00	862
contig_4144	68.79	1349
contig_4146	93.08	1777
contig_4189	97.50	1880
contig_4231	100.00	866
contig_4238	99.78	4067
contig_4243	100.00	4024
contig_4273	99.79	939
contig_4275	99.93	1493
contig_4293	100.00	1305
contig_4313	97.34	3454
contig_4321	87.14	2963
contig_4345	99.22	1785
contig_4395	99.44	4440
contig_447	87.32	4858
contig_4510	99.20	4005
contig_4531	99.09	8507
contig_4648	99.47	3226
contig_4738	99.94	1697
contig_4780	99.48	768
contig_4792	92.35	1216
contig_4930	98.60	1996
contig_4969	99.89	4455
contig_5050	100.00	1495
contig_5089	60.36	4104
contig_5126	100.00	1126
contig_5202	99.09	5385
contig_5230	99.80	2561
contig_5263	97.46	9393
contig_5327	90.63	3255
contig_5414	93.63	3234
contig_5418	99.81	1570
contig_5486	99.85	1365
contig_5560	55.70	2043
contig_5594	95.05	13950
contig_5598	54.99	571
contig_563	95.82	4018
contig_567	97.72	3813
contig_5781	100.00	2252
contig_5987	99.38	1766
contig_5993	94.97	5045
contig_6085	100.00	2893
contig_6247	99.59	1954
contig_6334	95.52	983
contig_6375	95.48	996
contig_6384	100.00	2784
contig_6408	100.00	800
contig_6448	98.97	1658
contig_6467	99.86	2184
contig_6476	99.71	2056
contig_6511	100.00	1331
contig_6512	96.59	967
contig_6519	100.00	1239
contig_6604	89.68	3121
contig_6617	94.40	3463
contig_6640	98.79	3217
contig_6641	31.54	539
contig_6651	100.00	1177
contig_6703	70.45	3611
contig_6791	99.55	1121
contig_6794	95.99	3067
contig_6807	100.00	1424
contig_6829	99.77	2185
contig_6839	99.74	1558
contig_688	99.89	879
contig_6901	76.79	1344
contig_6943	99.33	6886
contig_6949	93.74	4983
contig_7011	79.53	2149
contig_707	96.36	2831
contig_7132	100.00	2554
contig_7162	95.39	1713
contig_72	100.00	4059
contig_7296	99.48	1335
contig_7298	96.54	3874
contig_7324	97.46	1220
contig_7344	100.00	2636
contig_7376	99.26	809
contig_7412	99.64	3871
contig_750	95.91	831
contig_7532	99.92	1304
contig_7543	94.64	9732
contig_7562	44.01	1804
contig_7583	80.11	2972
contig_7662	96.48	8671
contig_770	75.07	1368
contig_7740	98.62	2907
contig_784	87.30	1897
contig_7857	98.53	2454
contig_7969	99.65	2867
contig_7981	100.00	1825
contig_8008	97.79	3124
contig_8038	84.85	2588
contig_8069	98.95	5408
contig_8123	56.84	4488
contig_8147	99.86	2770
contig_8177	94.72	9398
contig_8210	98.03	1115
contig_8256	99.95	2123
contig_8265	97.55	2976
contig_8364	100.00	1342
contig_8381	84.65	4130
contig_8392	99.91	1072
contig_8411	97.38	1108
contig_8461	99.98	5394
contig_8515	81.34	4780
contig_852	100.00	1811
contig_8544	99.93	1484
contig_8597	100.00	858
contig_8661	97.68	4533
contig_8673	96.96	1547
contig_8787	91.69	5825
contig_8908	99.35	3061
contig_8952	100.00	1564
contig_8992	91.17	4249
contig_9002	99.95	2044
contig_9032	82.21	4142
contig_9036	93.11	3456
contig_9075	98.18	9010
contig_9089	78.73	2036
contig_9121	100.00	1088
contig_9132	96.47	3514
contig_9137	73.17	4719
contig_9160	99.38	4186
contig_9206	94.33	3371
contig_9285	99.93	3046
contig_9315	44.21	4418
contig_9324	98.55	4275
contig_9358	99.10	1447
contig_9382	65.80	1044
contig_9386	100.00	2803
contig_9395	51.00	2637
contig_9398	98.14	3710
contig_9408	98.15	3358
contig_9458	98.12	5330
contig_9466	78.37	6496
contig_9470	99.96	5243
contig_9514	100.00	692
contig_9517	98.56	1595
contig_9583	97.64	3098
contig_9598	96.29	1078
contig_9614	99.45	4023
contig_9650	94.33	4126
contig_9694	85.08	4000
contig_9743	99.90	989
contig_9749	81.92	824
contig_9830	87.91	4923
contig_9845	96.85	2352
contig_9908	95.69	2670
contig_9930	95.12	1825
contig_9968	100.00	1956
total bases	2814136,43144802
